{"cameraMode":{"drawMode":0,"name":"Shaded","section":"Shading Mode"},"sceneLighting":true,"audioPlay":false,"sceneViewState":{"m_AlwaysRefresh":false,"showFog":true,"showSkybox":true,"showFlares":true,"showImageEffects":true,"showParticleSystems":true,"showVisualEffectGraphs":true,"m_FxEnabled":false},"in2DMode":false,"pivot":{"x":313.8836669921875,"y":158.98330688476563,"z":-614.511474609375},"rotation":{"x":-0.0013094270834699274,"y":0.9977825880050659,"z":-0.06325379759073258,"w":-0.020656200125813485},"size":914.5413818359375,"orthographic":false}